{"client_meta":{"background_color":{"r":0.5176470875740051,"g":0.5647059082984924,"b":0.529411792755127,"a":1},"thumbnail_size":{"width":400,"height":164},"render_coordinates":{"x":19862,"y":19669,"width":27062,"height":11080.798828125}},"file_name":"osler UI Kit: AI Telehealth & Telemedicine App (Community)","developer_related_links":[],"exported_at":"2026-04-28T10:45:52.548Z"}