{"client_meta":{"background_color":{"r":0.06666667014360428,"g":0.10196078568696976,"b":0.0784313753247261,"a":1},"thumbnail_size":{"width":400,"height":164},"render_coordinates":{"x":29929,"y":22339,"width":27062,"height":11080.796875}},"file_name":"osler UI Kit: AI Telehealth & Telemedicine App (Community)","developer_related_links":[],"exported_at":"2026-04-28T10:48:39.560Z"}